City_ID,City,Country,Lat,Lng,Max Temp,Humidity,Cloudiness,Wind Speed,Current Description
0,Castro,BR,-24.7911,-50.0119,41.7,95,0,4.25,clear sky
1,Bethel,US,41.3712,-73.414,72.75,71,0,0.0,clear sky
2,Rio Gallegos,AR,-51.6226,-69.2181,41.63,88,100,10.65,overcast clouds
3,Carnarvon,AU,-24.8667,113.6333,68.0,51,59,9.62,broken clouds
4,Najran,SA,17.4924,44.1277,79.47,40,37,5.39,scattered clouds
5,Jamestown,US,42.097,-79.2353,63.95,41,100,1.01,overcast clouds
6,Natal,BR,-5.795,-35.2094,72.25,100,40,3.44,scattered clouds
7,Ust-Tsilma,RU,65.441,52.1498,55.33,87,100,3.69,overcast clouds
8,Geraldton,AU,-28.7667,114.6,66.61,59,69,12.66,broken clouds
9,The Valley,AI,18.217,-63.0578,80.82,78,1,19.77,clear sky
10,Ostrovnoy,RU,68.0531,39.5131,45.27,93,99,5.68,overcast clouds
11,Sao Joao Da Barra,BR,-21.6403,-41.0511,65.64,77,100,16.33,overcast clouds
12,Lata,PT,40.1629,-8.3327,67.08,79,65,1.72,broken clouds
13,Saint-Philippe,RE,-21.3585,55.7679,65.79,77,49,14.74,scattered clouds
14,Albany,US,42.6001,-73.9662,63.01,73,100,5.77,overcast clouds
15,Avarua,CK,-21.2078,-159.775,75.25,94,75,11.5,drizzle
16,Mataura,NZ,-46.1927,168.8643,39.47,93,100,13.82,overcast clouds
17,Eureka,US,40.8021,-124.1637,58.19,71,0,11.99,clear sky
18,Vaini,TO,-21.2,-175.2,80.76,78,20,5.75,few clouds
19,Villa Carlos Paz,AR,-31.4241,-64.4978,55.38,28,93,3.0,overcast clouds
20,Mar Del Plata,AR,-38.0023,-57.5575,51.1,75,0,9.22,clear sky
21,Barrow,US,71.2906,-156.7887,37.42,75,0,17.27,clear sky
22,Porosozero,RU,62.7191,32.727,53.94,76,24,4.88,few clouds
23,Kapaa,US,22.0752,-159.319,84.18,78,100,17.27,overcast clouds
24,Bredasdorp,ZA,-34.5322,20.0403,51.69,88,30,6.93,scattered clouds
25,Busselton,AU,-33.65,115.3333,64.45,60,10,11.99,clear sky
26,Hirado,JP,33.3597,129.5531,70.39,92,100,9.62,overcast clouds
27,Rocha,UY,-34.4833,-54.3333,48.04,95,24,6.8,few clouds
28,Nawashahr,IN,31.1167,76.1333,100.78,20,2,6.73,clear sky
29,Ushuaia,AR,-54.8,-68.3,40.66,87,40,13.8,scattered clouds
30,New Norfolk,AU,-42.7826,147.0587,51.93,64,79,2.95,broken clouds
31,Torbay,CA,47.6666,-52.7314,42.28,93,75,9.22,mist
32,Hilo,US,19.7297,-155.09,81.28,88,100,16.11,moderate rain
33,Keffi,NG,8.8486,7.8736,73.6,91,78,1.61,broken clouds
34,Hovd,MN,48.0056,91.6419,80.85,22,93,3.04,overcast clouds
35,Cayenne,GF,4.9333,-52.3333,76.08,1,100,0.0,overcast clouds
36,Pevek,RU,69.7008,170.3133,38.82,69,31,7.11,scattered clouds
37,Puerto Ayora,EC,-0.7393,-90.3518,71.55,93,72,5.17,broken clouds
38,Turukhansk,RU,65.8167,87.9833,70.88,53,58,4.94,broken clouds
39,Anaconda,US,46.1285,-112.9423,47.39,62,54,9.57,broken clouds
40,Grindavik,IS,63.8424,-22.4338,45.07,100,100,16.11,mist
41,Kaitangata,NZ,-46.2817,169.8464,40.96,83,94,20.11,overcast clouds
42,Dikson,RU,73.5069,80.5464,31.1,89,85,10.56,overcast clouds
43,Fort Nelson,CA,58.8053,-122.7002,66.88,34,60,5.08,broken clouds
44,Cabo San Lucas,MX,22.8909,-109.9124,90.7,55,1,10.0,clear sky
45,Cape Town,ZA,-33.9258,18.4232,54.27,91,72,7.0,heavy intensity rain
46,Rikitea,PF,-23.1203,-134.9692,73.31,65,100,7.52,overcast clouds
47,Naze,JP,28.3667,129.4833,79.02,80,100,20.8,overcast clouds
48,Guerrero Negro,MX,27.9769,-114.0611,64.45,87,45,19.51,scattered clouds
49,Norman Wells,CA,65.282,-126.8329,42.33,91,99,6.85,overcast clouds
50,Nome,US,64.5011,-165.4064,45.16,70,40,12.66,scattered clouds
51,Mayumba,GA,-3.432,10.6554,72.91,90,98,5.73,overcast clouds
52,Bonthe,SL,7.5264,-12.505,76.96,86,100,9.46,moderate rain
53,Turkistan,KZ,43.0,68.0,87.15,18,99,3.78,overcast clouds
54,Bambous Virieux,MU,-20.3428,57.7575,73.22,65,94,16.35,overcast clouds
55,Pachino,IT,36.7186,15.0907,71.38,63,0,4.92,clear sky
56,Kumano,JP,34.3442,132.5894,65.93,93,100,10.87,light rain
57,Punta Arenas,CL,-53.15,-70.9167,37.51,87,0,11.5,clear sky
58,Bluff,NZ,-46.6,168.3333,39.79,66,100,37.92,light rain
59,Alice Springs,AU,-23.7,133.8833,71.15,32,0,4.61,clear sky
60,Deputatskiy,RU,69.3,139.9,62.92,37,100,7.9,overcast clouds
61,Saint-Joseph,RE,-21.3667,55.6167,64.78,75,39,14.99,scattered clouds
62,Chelmsford,GB,51.7357,0.4696,54.73,87,31,3.96,scattered clouds
63,Mahebourg,MU,-20.4081,57.7,73.26,66,84,16.49,broken clouds
64,Ilulissat,GL,69.2167,-51.1,33.82,75,100,14.97,light rain
65,Hermanus,ZA,-34.4187,19.2345,54.81,80,40,18.59,scattered clouds
66,Kenora,CA,49.8167,-94.4337,69.78,77,99,8.01,overcast clouds
67,Sao Felix Do Xingu,BR,-6.6447,-51.995,71.44,98,86,1.52,overcast clouds
68,Erenhot,CN,43.6475,111.9767,69.93,36,23,13.18,few clouds
69,Marsaxlokk,MT,35.8419,14.5431,71.08,94,0,2.3,clear sky
70,Esperance,AU,-33.8667,121.9,58.84,71,84,16.22,broken clouds
71,Malakal,SS,9.5334,31.6605,80.4,57,100,3.71,overcast clouds
72,Wanning,CN,18.8003,110.3967,87.53,71,100,11.97,overcast clouds
73,Grand Gaube,MU,-20.0064,57.6608,73.38,63,94,5.99,overcast clouds
74,Yellowknife,CA,62.456,-114.3525,61.14,45,18,7.63,few clouds
75,Tutoia,BR,-2.7619,-42.2744,76.3,88,14,9.95,few clouds
76,Thompson,CA,55.7435,-97.8558,65.46,49,68,5.84,broken clouds
77,Broome,US,42.2506,-75.833,60.01,83,0,4.61,clear sky
78,Ouesso,CG,1.6136,16.0517,69.76,98,100,1.81,overcast clouds
79,Kuznechikha,RU,57.2161,42.3348,60.39,83,84,5.41,broken clouds
80,Khuzdar,PK,27.7384,66.6434,83.12,34,0,2.39,clear sky
81,Cidreira,BR,-30.1811,-50.2056,56.12,90,66,4.92,broken clouds
82,Hithadhoo,MV,-0.6,73.0833,83.16,71,40,7.23,scattered clouds
83,Baracoa,CU,20.3467,-74.4958,79.09,87,65,10.71,broken clouds
84,Ponta Delgada,PT,37.7333,-25.6667,63.32,77,40,5.75,scattered clouds
85,Duluth,US,46.7833,-92.1066,57.04,92,100,20.71,overcast clouds
86,Jamsa,FI,61.8642,25.19,53.15,94,63,2.93,broken clouds
87,Hobart,AU,-42.8794,147.3294,52.27,70,75,9.22,broken clouds
88,Ponta Do Sol,PT,32.6667,-17.1,67.71,63,86,4.34,overcast clouds
89,La Ligua,CL,-32.4524,-71.2311,49.6,90,100,2.13,overcast clouds
90,Qaanaaq,GL,77.484,-69.3632,21.65,83,42,3.36,scattered clouds
91,Hopelchen,MX,19.7667,-89.85,78.71,75,100,6.6,overcast clouds
92,College,US,64.8569,-147.8028,77.0,28,40,3.44,smoke
93,Constitucion,CL,-35.3333,-72.4167,50.52,84,100,7.47,overcast clouds
94,Wajir,KE,1.7471,40.0573,72.19,81,9,7.99,clear sky
95,Kyren,RU,51.6828,102.1408,67.15,70,100,3.33,overcast clouds
96,Maracaibo,VE,10.6317,-71.6406,81.19,71,79,11.77,broken clouds
97,Tura,IN,25.5198,90.2201,74.86,98,100,5.14,moderate rain
98,Kamaishi,JP,39.2667,141.8833,61.36,63,53,6.87,broken clouds
99,Hamilton,US,39.1834,-84.5333,74.43,96,0,6.91,clear sky
100,Tukrah,LY,32.5341,20.5791,71.13,86,14,6.15,few clouds
101,Agde,FR,43.3108,3.4758,71.87,87,0,2.3,clear sky
102,Padang,ID,-0.9492,100.3543,82.45,79,100,1.01,overcast clouds
103,Hasaki,JP,35.7333,140.8333,64.8,73,100,15.01,overcast clouds
104,Lagoa,PT,39.05,-27.9833,62.01,78,100,4.7,overcast clouds
105,Kisangani,CD,0.5167,25.2,69.24,98,88,2.21,overcast clouds
106,Sur,OM,22.5667,59.5289,84.74,71,3,7.25,clear sky
107,Atuona,PF,-9.8,-139.0333,77.13,75,80,18.12,broken clouds
108,Nuristan,AF,35.3,70.8333,53.1,39,0,0.25,clear sky
109,Gazli,UZ,40.1333,63.45,88.0,14,2,7.61,clear sky
110,Coahuayana,MX,18.7333,-103.6833,78.84,86,42,2.59,scattered clouds
111,San Patricio,US,28.017,-97.5169,84.09,76,98,18.59,overcast clouds
112,Ancud,CL,-41.8697,-73.8203,50.23,95,100,8.97,light rain
113,Manturovo,RU,58.3353,44.7619,56.16,71,100,4.94,overcast clouds
114,Stryn,NO,61.9045,6.7226,54.14,88,100,5.32,overcast clouds
115,Nantucket,US,41.2835,-70.0995,69.91,94,100,9.22,fog
116,Hervey Bay,AU,-25.2986,152.8535,70.09,61,57,6.85,broken clouds
117,Port Elizabeth,ZA,-33.918,25.5701,69.94,42,100,23.71,overcast clouds
118,Bical,PH,15.8143,120.4346,90.14,60,52,5.19,broken clouds
119,Atar,MR,20.5169,-13.0499,90.01,34,83,6.24,broken clouds
120,Georgetown,MY,5.4112,100.3354,87.73,70,20,3.44,few clouds
121,Mount Isa,AU,-20.7333,139.5,74.97,19,0,9.22,clear sky
122,Harper,LR,4.375,-7.7169,76.64,76,0,5.95,clear sky
123,Husavik,IS,66.0449,-17.3389,51.3,85,100,8.88,overcast clouds
124,Emerald,AU,-23.5333,148.1667,67.33,46,39,6.33,scattered clouds
125,Bengkulu,ID,-3.8004,102.2655,82.24,67,56,2.21,broken clouds
126,Saskylakh,RU,71.9167,114.0833,72.3,27,100,5.21,overcast clouds
127,Severnyy,RU,50.677,36.5532,62.64,94,6,2.24,clear sky
128,Kysyl-Syr,RU,63.8986,122.7617,55.2,81,100,3.83,light rain
129,Dwarka,IN,22.2394,68.9678,85.03,70,40,4.0,scattered clouds
130,Evensk,RU,61.95,159.2333,49.5,70,0,11.3,clear sky
131,Victoria,HK,22.2855,114.1577,84.96,88,100,20.0,moderate rain
132,Lengshuitan,CN,26.4111,111.5956,83.21,70,57,0.96,broken clouds
133,Airai,TL,-8.9266,125.4092,69.26,70,90,3.87,overcast clouds
134,Ribeira Grande,PT,38.5167,-28.7,63.03,80,100,6.6,overcast clouds
135,Arraial Do Cabo,BR,-22.9661,-42.0278,67.37,81,100,18.86,overcast clouds
136,Arman,RU,59.7,150.1667,52.02,86,100,5.03,overcast clouds
137,Vernon,CA,50.2581,-119.2691,55.62,74,100,6.91,overcast clouds
138,Faanui,PF,-16.4833,-151.75,80.04,70,11,20.6,few clouds
139,Waipawa,NZ,-41.4122,175.5153,53.02,68,51,26.19,broken clouds
140,Borogontsy,RU,62.6683,131.1683,68.09,43,69,7.74,broken clouds
141,Dirba,IN,30.0667,75.9833,100.42,28,0,15.57,clear sky
142,Chokurdakh,RU,70.6333,147.9167,72.68,18,0,18.05,clear sky
143,Ahuimanu,US,21.4447,-157.8378,83.91,70,75,23.02,broken clouds
144,Kampene,CD,-3.6,26.6667,70.61,84,92,1.34,overcast clouds
145,Port Alfred,ZA,-33.5906,26.891,67.17,51,100,3.0,overcast clouds
146,Klaksvik,FO,62.2266,-6.589,49.12,97,99,17.76,light rain
147,Richards Bay,ZA,-28.783,32.0377,60.06,44,15,10.36,few clouds
148,Guiratinga,BR,-16.3494,-53.7583,60.76,41,50,1.9,scattered clouds
149,Suzdal,RU,56.4281,40.4414,60.64,92,80,3.56,broken clouds
150,Sao Filipe,CV,14.8961,-24.4956,73.33,75,60,6.67,broken clouds
151,Dakar,SN,14.6937,-17.4441,76.08,85,70,9.42,broken clouds
152,Kisumu,KE,-0.1022,34.7617,63.18,85,2,4.63,clear sky
153,Qostanay,KZ,53.1667,63.5833,59.29,82,100,11.18,overcast clouds
154,San Jose,US,37.3394,-121.895,71.28,48,0,14.97,clear sky
155,Griffith,US,41.5284,-87.4237,83.3,87,0,6.91,clear sky
156,Chingirlau,KZ,51.095,54.0814,60.42,72,0,4.81,clear sky
157,Kingman,US,35.1894,-114.053,89.08,10,0,12.66,clear sky
158,Beloha,MG,-25.1667,45.05,58.66,76,0,7.36,clear sky
159,Kruisfontein,ZA,-34.0033,24.7314,59.38,39,67,8.84,broken clouds
160,Slidell,US,30.2752,-89.7812,86.0,76,0,11.99,clear sky
161,Butaritari,KI,3.0707,172.7902,82.02,74,13,14.85,few clouds
162,Khatanga,RU,71.9667,102.5,58.39,45,48,12.55,scattered clouds
163,Altona,DE,53.55,9.9333,51.08,89,75,4.61,broken clouds
164,Gamba,GA,-2.65,10.0,72.72,91,100,4.36,overcast clouds
165,Provideniya,RU,64.3833,-173.3,35.71,87,100,13.42,overcast clouds
166,Ketchikan,US,55.3422,-131.6461,55.15,78,89,3.4,overcast clouds
167,Morshansk,RU,53.4435,41.8107,60.17,74,9,4.14,clear sky
168,Srednekolymsk,RU,67.45,153.6833,73.74,21,0,14.61,clear sky
169,Warrnambool,AU,-38.3833,142.4833,54.81,59,95,16.06,overcast clouds
170,Coquimbo,CL,-29.9533,-71.3436,51.53,81,100,2.3,overcast clouds
171,Bosobolo,CD,4.1833,19.9,69.93,98,100,0.65,overcast clouds
172,Kodiak,US,57.79,-152.4072,47.71,93,100,10.36,smoke
173,Mehamn,NO,71.0357,27.8492,42.75,81,75,9.22,broken clouds
174,Uruzgan,AF,32.8333,66.0,79.07,13,0,5.66,clear sky
175,Komsomolskiy,UZ,40.4272,71.7189,74.12,43,22,4.61,few clouds
176,Sakakah,SA,29.9697,40.2064,77.43,38,0,9.04,clear sky
177,Henties Bay,NA,-22.116,14.2845,57.88,85,2,5.39,clear sky
178,Zhigansk,RU,66.7697,123.3711,61.18,53,19,7.54,few clouds
179,Asau,RO,46.4333,26.4,61.72,92,71,2.01,broken clouds
180,Saldanha,ZA,-33.0117,17.9442,57.31,79,71,21.68,moderate rain
181,Mount Gambier,AU,-37.8333,140.7667,56.43,58,92,14.07,overcast clouds
182,Naranjal,EC,-2.6667,-79.6167,72.1,90,98,2.59,overcast clouds
183,Smirnykh,RU,49.75,142.8333,74.3,48,72,4.03,broken clouds
184,Aquiraz,BR,-3.9014,-38.3911,81.18,83,2,11.18,clear sky
185,Lasa,IT,46.6166,10.7002,52.36,79,0,3.71,clear sky
186,Bathsheba,BB,13.2167,-59.5167,79.41,83,20,16.11,few clouds
187,Faya,SA,18.3851,42.4509,68.52,25,1,12.1,clear sky
188,Melville,US,40.7934,-73.4151,77.16,75,0,5.01,clear sky
189,Eyl,SO,7.9803,49.8164,80.74,59,78,26.57,broken clouds
190,Hami,CN,42.8,93.45,95.88,4,16,6.33,few clouds
191,Tolaga Bay,NZ,-38.3667,178.3,59.81,57,3,12.93,clear sky
192,Kemijarvi,FI,66.7131,27.4306,55.65,74,53,3.33,broken clouds
193,Taoudenni,ML,22.6783,-3.9836,93.24,10,0,6.98,clear sky
194,Catamarca,AR,-28.4696,-65.7852,59.58,40,9,10.04,clear sky
195,Bosaso,SO,11.2842,49.1816,91.26,44,100,10.22,overcast clouds
196,Kalianget,ID,-7.05,113.9333,82.58,78,98,12.86,overcast clouds
197,Karwar,IN,14.8,74.1333,81.39,77,64,2.08,broken clouds
198,Hit,IQ,33.6416,42.8251,82.71,31,0,7.92,clear sky
199,Midland,US,31.9974,-102.0779,92.07,22,0,19.57,clear sky
200,Palana,RU,59.1167,159.9667,42.51,78,49,8.39,scattered clouds
201,Vardo,NO,70.3705,31.1107,44.58,76,100,9.22,overcast clouds
202,Nikolskoye,RU,59.7035,30.7861,55.8,88,78,0.56,broken clouds
203,Sola,VU,-13.8833,167.55,80.11,79,45,16.44,scattered clouds
204,Havre-Saint-Pierre,CA,50.2334,-63.5986,50.92,82,100,10.18,overcast clouds
205,Walvis Bay,NA,-22.9575,14.5053,58.08,81,42,4.59,scattered clouds
206,East London,ZA,-33.0153,27.9116,74.82,36,100,9.44,overcast clouds
207,Katobu,ID,-4.9408,122.5276,75.79,95,100,1.7,heavy intensity rain
208,Kyabe,TD,9.4515,18.9449,72.5,88,100,3.47,overcast clouds
209,Ivdel,RU,60.6911,60.4206,60.15,62,81,2.01,broken clouds
210,Vestmanna,FO,62.1564,-7.1664,47.32,100,100,12.66,light intensity drizzle
211,Sandpoint,US,48.2766,-116.5533,46.42,93,100,0.0,moderate rain
212,Tuktoyaktuk,CA,69.4541,-133.0374,36.43,79,44,11.59,scattered clouds
213,Severo-Yeniseyskiy,RU,60.3725,93.0408,70.36,48,99,3.96,overcast clouds
214,Hofn,IS,64.2539,-15.2082,50.07,99,100,13.24,overcast clouds
215,Narsaq,GL,60.9167,-46.05,43.02,52,2,1.81,clear sky
216,Saint-Paul,RE,-21.0096,55.2707,71.69,73,85,4.0,overcast clouds
217,Douentza,ML,14.9951,-2.9517,92.08,36,19,5.88,few clouds
218,Marystown,CA,47.1666,-55.1483,47.86,100,89,1.01,overcast clouds
219,Kaili,ID,-3.4626,120.2147,77.76,70,42,4.14,scattered clouds
220,Luderitz,NA,-26.6481,15.1594,57.54,90,27,9.44,light rain
221,Chuy,UY,-33.6971,-53.4616,50.88,94,7,6.58,clear sky
222,Korla,CN,41.7597,86.1469,93.87,6,100,12.82,overcast clouds
223,Isiro,CD,2.7739,27.616,63.93,99,73,0.67,broken clouds
224,Sebezh,RU,56.2955,28.4654,52.72,98,100,9.86,moderate rain
225,Eenhana,NA,-17.4667,16.3333,50.76,58,0,2.17,clear sky
226,Monrovia,LR,6.3005,-10.7969,78.57,73,99,9.78,overcast clouds
227,Clyde River,CA,70.4692,-68.5914,33.12,80,43,1.79,scattered clouds
228,Avera,US,33.194,-82.5271,84.54,53,3,5.7,clear sky
229,Aklavik,CA,68.2191,-135.0107,56.86,47,100,11.23,overcast clouds
230,Tasiilaq,GL,65.6145,-37.6368,39.36,98,100,10.8,moderate rain
231,Lebu,CL,-37.6167,-73.65,50.02,94,100,12.48,light rain
232,Pemangkat,ID,1.1667,108.9667,82.9,70,100,4.38,overcast clouds
233,Ambilobe,MG,-13.2,49.05,67.03,86,5,3.2,clear sky
234,Houston,US,29.7633,-95.3633,86.34,76,0,17.27,haze
235,Laguna,US,38.421,-121.4238,80.06,18,0,13.8,clear sky
236,Upernavik,GL,72.7868,-56.1549,30.49,86,87,5.19,overcast clouds
237,Oranjemund,NA,-28.55,16.4333,56.68,87,11,15.55,light rain
238,Isangel,VU,-19.55,169.2667,80.85,68,98,7.54,overcast clouds
239,Belaya Gora,RU,68.5333,146.4167,72.18,20,98,16.62,overcast clouds
240,Kilindoni,TZ,-7.9139,39.6668,79.03,68,61,13.22,broken clouds
241,Balikpapan,ID,-1.2675,116.8289,81.59,89,40,2.3,light rain
242,Morro Bay,US,35.3658,-120.8499,76.93,74,0,4.0,clear sky
243,Samfya,ZM,-11.3649,29.5565,52.75,80,1,4.92,clear sky
244,Bagdarin,RU,54.4333,113.6,75.67,34,22,2.84,few clouds
245,Serenje,ZM,-13.2325,30.2352,46.63,78,1,4.43,clear sky
246,Cherskiy,RU,68.75,161.3,68.9,26,12,9.6,few clouds
247,Tiksi,RU,71.6872,128.8694,51.1,55,92,3.8,overcast clouds
248,Kavieng,PG,-2.5744,150.7967,83.37,73,77,13.67,light rain
249,Duderstadt,DE,51.5131,10.2595,49.87,92,83,1.61,broken clouds
250,Salinopolis,BR,-0.6136,-47.3561,80.06,78,23,10.27,few clouds
251,Samarai,PG,-10.6167,150.6667,83.89,71,7,14.03,clear sky
252,Chimbote,PE,-9.0853,-78.5783,62.62,86,8,8.68,clear sky
253,Fuyang,CN,32.9,115.8167,87.21,37,0,9.82,clear sky
254,San Quintin,MX,30.4833,-115.95,62.91,82,0,14.36,clear sky
255,Saint-Marc,HT,19.1082,-72.6938,80.31,77,45,2.1,scattered clouds
256,Bafq,IR,31.6128,55.4107,91.06,13,29,11.39,scattered clouds
257,Kulhudhuffushi,MV,6.6221,73.07,82.87,74,100,10.36,overcast clouds
258,Iskateley,RU,67.6803,53.1512,54.1,74,100,8.16,light rain
259,Mandan,US,46.8267,-100.8896,76.98,100,75,8.05,broken clouds
260,Porto Murtinho,BR,-21.6989,-57.8825,50.7,61,0,3.98,clear sky
261,Pitimbu,BR,-7.4706,-34.8086,73.99,72,46,8.81,scattered clouds
262,Mandalgovi,MN,45.7625,106.2708,74.53,22,62,9.75,broken clouds
263,Tiznit,MA,29.5833,-9.5,79.38,45,100,1.74,overcast clouds
264,Lompoc,US,34.6391,-120.4579,62.78,68,0,13.8,clear sky
265,Palafrugell,ES,41.9174,3.1631,74.43,75,22,6.67,few clouds
266,Severo-Kurilsk,RU,50.6789,156.125,45.55,90,85,12.86,overcast clouds
267,Pizhanka,RU,57.4604,48.542,58.32,81,72,6.82,broken clouds
268,Chapais,CA,49.7834,-74.8492,52.43,95,42,3.31,scattered clouds
269,Thinadhoo,MV,0.5333,72.9333,83.23,71,65,4.21,broken clouds
270,Tiarei,PF,-17.5333,-149.3333,84.0,70,6,21.36,clear sky
271,Sovetskiy,RU,61.3614,63.5842,57.36,54,9,10.45,clear sky
272,San Luis,AR,-33.295,-66.3356,52.0,34,96,8.19,overcast clouds
273,Benguela,AO,-12.5763,13.4055,68.29,63,0,5.26,clear sky
274,Lima,PE,-12.0432,-77.0282,59.25,82,100,8.05,overcast clouds
275,Lalmohan,BD,22.3384,90.7419,85.1,79,100,15.01,overcast clouds
276,Koumac,NC,-20.5667,164.2833,75.27,86,100,5.91,overcast clouds
277,Safaga,EG,26.7292,33.9365,81.88,44,0,11.3,clear sky
278,Anori,BR,-3.7728,-61.6442,70.99,99,99,1.39,overcast clouds
279,Maraa,BR,-1.8333,-65.3667,68.79,99,100,1.19,overcast clouds
280,Novovarshavka,RU,54.1721,74.6946,66.42,75,99,3.87,overcast clouds
281,Tangi,PK,34.3006,71.6536,91.4,21,0,3.33,clear sky
282,Hun,LY,29.1268,15.9477,71.71,53,0,2.64,clear sky
283,Hirara,JP,24.8,125.2833,82.24,87,87,23.98,overcast clouds
284,High Level,CA,58.5169,-117.136,68.09,38,59,3.38,broken clouds
285,Anadyr,RU,64.75,177.4833,37.49,86,75,13.42,light rain
286,Vila Franca Do Campo,PT,37.7167,-25.4333,63.01,82,41,7.23,scattered clouds
287,Cockburn Town,TC,21.4612,-71.1419,79.74,86,2,17.67,clear sky
288,Krasnyy Yar,RU,46.5331,48.3456,66.13,38,82,12.19,broken clouds
289,Saint George,US,37.1041,-113.5841,90.19,9,0,10.36,clear sky
290,Lunca Bradului,RO,46.956,25.1114,57.25,91,87,0.38,overcast clouds
291,Tambovka,RU,50.0969,128.0489,71.69,69,95,12.62,overcast clouds
292,Alta Floresta,BR,-9.8756,-56.0861,68.38,73,22,4.47,few clouds
293,Arroyo,ES,41.6096,-4.7969,69.84,61,40,3.44,scattered clouds
294,Port Maria,JM,18.3685,-76.8895,84.16,84,100,7.65,overcast clouds
295,Yarada,IN,17.65,83.2667,88.12,66,40,6.91,haze
296,Adrar,MR,20.5022,-10.0711,88.41,26,14,7.74,few clouds
297,Road Town,VG,18.4167,-64.6167,78.89,77,3,21.21,clear sky
298,Muros,ES,42.7762,-9.0603,67.08,86,7,4.72,clear sky
299,Corinto,GR,37.9407,22.9573,74.89,71,10,4.52,clear sky
300,San Cristobal,VE,7.7669,-72.225,71.78,99,99,4.32,overcast clouds
301,Makakilo City,US,21.3469,-158.0858,82.72,59,40,23.02,scattered clouds
302,Vestmannaeyjar,IS,63.4427,-20.2734,49.42,94,100,14.05,overcast clouds
303,Ahipara,NZ,-35.1667,173.1667,60.53,58,6,13.96,clear sky
304,Manzanillo,CU,20.3433,-77.1167,75.97,89,81,9.42,broken clouds
305,Bangassou,CF,4.7413,22.8184,66.79,99,100,2.08,overcast clouds
306,Shingu,JP,33.7333,135.9833,65.37,95,100,24.38,light rain
307,Pangoa,PE,-12.1167,-73.0,61.52,89,98,2.44,overcast clouds
308,Sorada,IN,19.75,84.4333,96.1,43,59,1.36,broken clouds
309,Saint-Augustin,CA,51.226,-58.6502,54.16,69,13,0.78,few clouds
310,Bara,NG,10.3744,10.7288,79.86,66,93,8.03,overcast clouds
311,Manono,CD,-7.3,27.4167,68.11,53,8,3.56,clear sky
312,Robertsport,LR,6.7533,-11.3686,79.36,76,94,12.95,overcast clouds
313,Kamskoye Ustye,RU,55.2016,49.268,62.01,79,100,6.11,overcast clouds
314,Lavrentiya,RU,65.5833,-171.0,39.31,64,92,5.73,overcast clouds
315,Watertown,US,42.3709,-71.1828,71.01,50,0,5.75,clear sky
316,Springdale,US,36.1867,-94.1288,83.79,75,0,8.05,clear sky
317,Nador,MA,35.174,-2.9287,71.85,94,40,2.3,scattered clouds
318,General Roca,AR,-39.0333,-67.5833,50.14,30,100,7.18,overcast clouds
319,Upington,ZA,-28.4478,21.2561,54.36,52,100,10.18,overcast clouds
320,Westerland,DE,54.9079,8.3033,55.42,71,75,16.11,broken clouds
321,Iqaluit,CA,63.7506,-68.5145,38.7,80,100,1.99,overcast clouds
322,Swellendam,ZA,-34.0226,20.4417,53.49,75,62,6.2,broken clouds
323,Ibipeba,BR,-11.6408,-42.0111,70.32,67,31,6.78,scattered clouds
324,Lorengau,PG,-2.0226,147.2712,85.57,63,22,13.29,few clouds
325,Kristiansund,NO,63.1115,7.732,50.05,87,100,18.41,overcast clouds
326,Mahajanga,MG,-15.7167,46.3167,64.42,94,0,5.75,clear sky
327,Chicama,PE,-7.8447,-79.1469,59.54,83,13,4.88,few clouds
328,Hambantota,LK,6.1241,81.1185,84.54,74,20,9.22,few clouds
329,Tainan,TW,22.9908,120.2133,89.38,66,75,9.22,broken clouds
330,Port Hedland,AU,-20.3167,118.5667,82.45,26,4,12.66,clear sky
331,Alexandria,EG,31.2156,29.9553,73.42,72,0,6.22,clear sky
332,Aksu,CN,41.1231,80.2644,86.59,17,100,23.17,overcast clouds
333,La Ronge,CA,55.1001,-105.2842,59.34,64,100,6.67,overcast clouds
334,Bratsk,RU,56.1325,101.6142,75.34,48,7,1.39,clear sky
335,Doctor Juan Leon Mallorquin,PY,-25.4,-55.2667,46.13,89,0,3.4,clear sky
336,Fortuna,US,40.5982,-124.1573,57.92,71,1,5.01,clear sky
337,Fredericton,CA,45.9454,-66.6656,59.02,93,100,4.05,moderate rain
338,Pisco,PE,-13.7,-76.2167,62.65,67,100,8.05,overcast clouds
339,Bacong,PH,9.2464,123.2956,85.5,72,100,5.91,overcast clouds
340,Cervo,ES,43.6702,-7.4101,63.19,95,100,8.95,overcast clouds
341,Camacupa,AO,-12.0167,17.4833,50.31,59,50,2.08,scattered clouds
342,Aksha,RU,50.2814,113.2867,72.14,35,100,3.76,overcast clouds
343,Ayagoz,KZ,47.9714,80.4392,71.24,53,100,14.56,overcast clouds
344,Awjilah,LY,29.1081,21.2869,71.06,65,0,8.16,clear sky
345,Peniche,PT,39.3558,-9.3811,64.08,96,97,0.98,overcast clouds
346,Okahandja,NA,-21.9833,16.9167,46.89,72,0,3.96,clear sky
347,Araouane,ML,18.9048,-3.5265,91.69,26,6,9.08,clear sky
348,Nanortalik,GL,60.1432,-45.2371,37.0,80,21,26.13,few clouds
349,Severodvinsk,RU,64.5635,39.8302,59.11,66,15,5.17,few clouds
350,Cravo Norte,CO,6.3017,-70.2041,67.84,92,68,6.87,broken clouds
351,Marana,US,32.4367,-111.2254,97.14,16,0,10.36,clear sky
352,Kropotkin,RU,45.4375,40.5756,68.67,49,100,12.12,overcast clouds
353,Raudeberg,NO,61.9875,5.1352,48.87,96,100,15.14,overcast clouds
354,Gilgit,PK,35.9221,74.3087,76.26,46,12,0.47,few clouds
355,Lumeje,AO,-11.55,20.7833,53.1,60,0,3.96,clear sky
356,Porbandar,IN,21.6422,69.6093,85.12,70,44,5.61,scattered clouds
357,Sitka,US,57.0531,-135.33,53.49,71,100,8.05,overcast clouds
358,Bystrice,CZ,49.6366,18.7204,52.05,92,12,2.04,few clouds
359,Osorio,BR,-29.8867,-50.2697,51.55,96,5,3.47,clear sky
360,Nouadhibou,MR,20.931,-17.0347,67.48,86,39,25.81,scattered clouds
361,Touros,BR,-5.1989,-35.4608,75.27,77,3,8.84,clear sky
362,Acapulco,MX,16.8634,-99.8901,76.82,88,100,5.75,overcast clouds
363,Mount Vernon,US,40.9126,-73.8371,80.24,52,40,8.05,scattered clouds
364,Keti Bandar,PK,24.1447,67.4497,85.14,71,5,10.87,clear sky
365,Bristol,US,41.8334,-71.1662,71.4,77,0,1.99,mist
366,Omsukchan,RU,62.5333,155.8,58.77,33,0,7.81,clear sky
367,Cuamba,MZ,-14.8031,36.5372,55.96,93,36,0.98,scattered clouds
368,Great Yarmouth,GB,52.6083,1.7305,53.85,80,59,6.08,broken clouds
369,Katsuura,JP,35.1333,140.3,66.99,74,100,14.09,moderate rain
370,Matay,EG,28.419,30.7792,76.64,52,0,6.29,clear sky
371,Codrington,AU,-38.2667,141.9667,56.17,60,82,17.72,broken clouds
372,Someru,EE,59.3611,26.4375,49.95,93,100,2.13,overcast clouds
373,Dongsheng,CN,39.8161,109.9776,72.07,21,2,16.04,clear sky
374,Margate,GB,51.3813,1.3862,54.7,78,7,1.01,clear sky
375,Huarmey,PE,-10.0681,-78.1522,63.09,85,6,9.8,clear sky
376,Dawson Creek,CA,55.7666,-120.2362,58.77,68,94,3.53,overcast clouds
377,Mayo,US,38.8876,-76.5119,80.19,88,0,1.01,clear sky
378,Sokolo,ML,14.7328,-6.1219,90.1,37,1,5.84,clear sky
379,Lazaro Cardenas,MX,17.9583,-102.2,80.55,81,92,12.39,overcast clouds
380,Salalah,OM,17.0151,54.0924,86.09,79,75,4.61,broken clouds
381,Igarka,RU,67.4667,86.5833,67.15,64,90,7.85,overcast clouds
382,Yar-Sale,RU,66.8333,70.8333,43.7,72,99,13.73,overcast clouds
383,Tucuma,BR,-0.1833,-50.05,74.91,92,6,4.12,clear sky
384,Asyut,EG,27.181,31.1837,79.25,36,0,7.23,clear sky
385,Melilla,ES,35.2937,-2.9383,71.98,94,40,2.3,scattered clouds
386,Kalmunai,LK,7.4167,81.8167,83.32,70,100,0.38,overcast clouds
387,Abha,SA,18.2164,42.5053,68.25,19,0,4.61,clear sky
388,Rapid Valley,US,44.0625,-103.1463,69.31,78,20,31.07,light rain
389,Barcelona,ES,41.3888,2.159,77.25,50,0,5.75,clear sky
390,La Libertad,EC,-2.2333,-80.9,71.26,88,100,12.66,light intensity drizzle
391,Hidalgotitlan,MX,17.7833,-94.6333,75.02,95,100,5.97,overcast clouds
392,Gat,IL,31.61,34.7642,69.4,81,4,3.51,clear sky
393,Vila Velha,BR,-20.3297,-40.2925,67.95,80,0,8.05,clear sky
394,Camacari,BR,-12.6975,-38.3242,80.37,72,89,8.23,overcast clouds
395,Kawalu,ID,-7.3817,108.2082,82.49,71,75,2.01,broken clouds
396,Ingham,US,42.6,-84.3833,71.37,89,100,5.75,overcast clouds
397,Inhambane,MZ,-23.865,35.3833,66.85,88,0,7.18,clear sky
398,Palmer,US,42.1584,-72.3287,69.4,68,75,3.44,broken clouds
399,Mairana,BO,-18.1167,-63.9333,42.12,92,0,2.82,clear sky
400,Graham,US,47.0529,-122.2943,55.69,75,100,7.0,overcast clouds
401,Yaan,NG,7.3833,8.5667,74.23,90,100,7.78,overcast clouds
402,Kalaleh,IR,37.3807,55.4916,81.16,48,31,1.14,scattered clouds
403,Panama City,PA,8.9936,-79.5197,77.29,91,75,4.61,broken clouds
404,Pathein,MM,16.7833,94.7333,84.85,73,100,5.03,overcast clouds
405,Tala,EG,30.6803,30.9429,69.1,75,0,2.19,clear sky
406,Capaci,IT,38.1711,13.2393,72.25,45,0,3.44,clear sky
407,Stephenville,US,32.2207,-98.2023,90.81,35,40,13.8,scattered clouds
408,Ormara,PK,25.2088,64.6357,82.69,82,0,8.46,clear sky
409,Oranjestad,AW,12.524,-70.027,80.17,84,98,24.27,overcast clouds
410,Da Lat,VN,11.9465,108.4419,77.34,53,33,2.84,scattered clouds
411,Aguimes,ES,27.9054,-15.4461,66.83,83,75,14.97,broken clouds
412,Georgiyevskoye,RU,58.731,45.024,56.1,77,100,6.02,overcast clouds
413,Leningradskiy,RU,69.3833,178.4167,33.89,88,100,7.92,overcast clouds
414,Yerbogachen,RU,61.2767,108.0108,71.82,41,33,5.57,scattered clouds
415,Sokone,SN,13.8833,-16.3667,75.27,80,73,9.93,broken clouds
416,Teguldet,RU,57.3064,88.1667,78.89,49,97,6.73,overcast clouds
417,Fairbanks,US,64.8378,-147.7164,77.02,28,40,3.44,smoke
418,Hammerfest,NO,70.6634,23.6821,41.45,93,75,5.75,broken clouds
419,Maruoka,JP,36.1534,136.2703,68.63,81,100,1.54,overcast clouds
420,Maniitsoq,GL,65.4167,-52.9,35.31,74,26,16.04,scattered clouds
421,Shasta Lake,US,40.6804,-122.3708,73.81,26,0,4.5,clear sky
422,Kungurtug,RU,50.5994,97.5228,74.19,44,94,2.06,overcast clouds
423,Manaus,BR,-3.1019,-60.025,75.69,94,75,2.3,broken clouds
424,Batagay-Alyta,RU,67.8006,130.4114,63.25,38,27,6.73,scattered clouds
425,Totskoye,RU,52.5248,52.7623,60.03,78,0,3.27,clear sky
426,Gubkinskiy,RU,64.434,76.5026,66.02,69,95,11.81,overcast clouds
427,Ouadda,CF,8.0777,22.4007,67.35,98,100,0.54,overcast clouds
428,Belmonte,BR,-15.8631,-38.8828,73.89,84,93,12.33,overcast clouds
429,Berlin,DE,52.5244,13.4105,53.89,81,0,7.0,clear sky
430,Guangshui,CN,31.6199,113.9978,84.38,56,0,6.53,clear sky
431,Kinston,US,35.2627,-77.5816,82.72,83,0,8.05,clear sky
432,Honiara,SB,-9.4333,159.95,86.05,67,9,7.76,clear sky
433,Ladario,BR,-19.0047,-57.6017,53.98,47,0,1.72,clear sky
434,Kirakira,SB,-10.4544,161.9205,83.97,74,27,8.57,scattered clouds
435,Talara,PE,-4.5772,-81.2719,63.73,83,69,10.56,broken clouds
436,Gagino,RU,55.2314,45.0339,58.78,80,71,5.77,broken clouds
437,Woodward,US,36.4337,-99.3904,90.63,37,0,23.02,clear sky
438,Kimbe,PG,-5.5502,150.1429,89.13,52,95,4.94,overcast clouds
439,Isabela,PH,6.7085,121.9711,83.7,72,100,3.11,overcast clouds
440,Khasan,RU,42.4308,130.6434,55.83,86,100,5.99,overcast clouds
441,Nagorsk,RU,59.3172,50.8078,58.41,63,89,4.74,overcast clouds
442,Boden,SE,65.8252,21.6886,53.6,80,89,2.57,overcast clouds
443,Seoul,KR,37.5683,126.9778,78.24,34,65,12.03,broken clouds
444,Antofagasta,CL,-23.65,-70.4,56.48,85,51,4.94,broken clouds
445,Bandarbeyla,SO,9.4942,50.8122,81.72,59,80,24.18,broken clouds
446,Ginir,ET,7.1333,40.7,54.46,87,98,4.14,overcast clouds
447,Santa Fe,AR,-31.6333,-60.7,55.0,65,12,4.0,light rain
448,Santa Cruz De Tenerife,ES,28.4682,-16.2546,70.88,87,100,10.36,overcast clouds
449,West Wendover,US,40.7391,-114.0733,54.61,47,100,10.36,overcast clouds
450,Vysokogornyy,RU,50.1167,139.15,76.86,31,69,12.17,broken clouds
451,Tesistan,MX,20.7833,-103.4833,70.83,68,57,8.55,broken clouds
452,Agadez,NE,19.75,10.25,86.67,16,19,10.31,few clouds
453,Garissa,KE,-0.4536,39.6401,72.07,88,15,13.29,few clouds
454,Deyang,CN,31.1302,104.382,81.66,51,100,1.41,overcast clouds
455,Kavaratti,IN,10.5669,72.642,83.53,75,84,14.61,broken clouds
456,Ust-Nera,RU,64.5667,143.2,50.56,86,100,2.73,overcast clouds
457,Willowmore,ZA,-33.2926,23.4895,52.3,64,22,26.19,few clouds
458,Miaga,PH,12.2376,123.8167,87.42,64,90,9.71,overcast clouds
459,Portland,US,45.5234,-122.6762,58.44,74,75,5.99,broken clouds
460,Boa Vista,BR,2.8197,-60.6733,76.98,83,40,0.0,scattered clouds
461,Cuenca,EC,-2.8833,-78.9833,48.96,95,90,2.73,overcast clouds
462,Irtyshskiy,RU,58.3333,68.1333,49.75,96,100,7.87,overcast clouds
463,Barentu,ER,15.1139,37.5928,74.89,55,9,6.89,clear sky
464,Qaqortoq,GL,60.7167,-46.0333,40.64,56,0,8.05,clear sky
465,Beringovskiy,RU,63.05,179.3167,35.65,73,100,6.98,overcast clouds
466,Rawson,AR,-43.3002,-65.1023,52.21,34,91,2.89,overcast clouds
467,Nishihara,JP,26.1842,127.7558,87.85,81,75,17.27,broken clouds
468,Roald,NO,62.5833,6.1333,54.16,93,100,4.61,light intensity drizzle
469,Roma,US,43.2128,-75.4557,59.72,81,0,0.0,clear sky
470,Sabha,LY,27.0377,14.4283,74.73,30,15,9.31,few clouds
471,Wloclawek,PL,52.6482,19.0678,47.75,94,1,8.93,clear sky
472,Sinnamary,GF,5.3833,-52.95,77.02,85,91,4.14,moderate rain
473,Matamoros,MX,25.5333,-103.25,91.51,17,40,8.05,scattered clouds
474,Lufilufi,WS,-13.8745,-171.5986,81.54,79,16,15.86,few clouds
475,Ondo,NG,7.1,4.8333,71.91,99,100,1.97,overcast clouds
476,Nalut,LY,30.3333,10.85,68.31,38,0,8.79,clear sky
477,Werda,BW,-25.2667,23.2833,56.34,45,73,12.75,broken clouds
478,Charsadda,PK,34.1435,71.7317,92.01,22,0,2.89,clear sky
479,Niamey,NE,13.5137,2.1098,84.99,52,51,17.87,broken clouds
480,Sochi,RU,43.6,39.7303,66.29,87,100,7.29,overcast clouds
481,Samsun,TR,41.25,36.3333,68.76,83,75,10.36,broken clouds
482,High Rock,BS,26.6208,-78.2833,82.42,78,6,11.68,clear sky
483,Pringsewu,ID,-5.3582,104.9744,84.63,65,90,4.09,overcast clouds
484,Lieksa,FI,63.3167,30.0167,51.87,87,28,6.13,scattered clouds
485,Ajaccio,FR,42.0,8.9167,62.65,77,0,5.75,clear sky
486,Souillac,MU,-20.5167,57.5167,70.65,72,59,14.67,broken clouds
487,Garden City,US,42.3256,-83.331,71.85,73,100,10.36,thunderstorm
488,Iquitos,PE,-3.7481,-73.2472,66.24,100,40,0.0,scattered clouds
489,Straumen,NO,63.8709,11.2999,50.0,95,100,8.68,overcast clouds
490,Nizwa,OM,22.9333,57.5333,83.77,56,0,1.79,clear sky
491,Westport,US,41.1415,-73.3579,75.56,68,0,4.61,clear sky
492,Viedma,AR,-40.8135,-62.9967,53.53,49,100,12.19,overcast clouds
493,Trincomalee,LK,8.5711,81.2335,83.68,71,100,16.44,overcast clouds
494,Ondjiva,AO,-17.0667,15.7333,51.1,55,0,1.68,clear sky
495,Manggar,ID,-2.8833,108.2667,80.67,77,100,6.71,overcast clouds
496,Kieta,PG,-6.2167,155.6333,84.11,71,38,6.89,light rain
497,Kahului,US,20.8947,-156.47,82.42,71,40,23.02,scattered clouds
498,Sisimiut,GL,66.9395,-53.6735,33.31,74,10,15.41,clear sky
499,Bulancak,TR,40.9372,38.2291,69.62,88,75,1.14,broken clouds
500,Comodoro Rivadavia,AR,-45.8667,-67.5,55.26,50,0,10.36,clear sky
501,Plettenberg Bay,ZA,-34.0527,23.3716,57.09,84,23,12.97,few clouds
502,Petropavlovsk-Kamchatskiy,RU,53.0452,158.6483,57.79,58,75,6.71,light rain
503,Zalantun,CN,48.0,122.7167,67.69,70,99,6.31,overcast clouds
504,Eten,PE,-6.9081,-79.8642,62.8,84,17,10.96,few clouds
505,Marienburg,PL,54.0359,19.0266,54.12,94,7,9.46,clear sky
506,Constantine,DZ,36.365,6.6147,67.41,39,0,4.61,clear sky
507,Polunochnoye,RU,60.8697,60.4153,59.7,60,64,2.26,broken clouds
508,Meulaboh,ID,4.1363,96.1285,83.08,66,65,3.22,broken clouds
509,Cobourg,DE,50.2667,10.9667,49.59,80,48,2.53,scattered clouds
510,Acarau,BR,-2.8856,-40.12,76.39,83,22,10.02,few clouds
511,Votice,CZ,49.6401,14.6381,50.95,81,42,2.75,scattered clouds
512,Alofi,NU,-19.0595,-169.9187,80.49,74,40,11.5,scattered clouds
513,Mabiton,PH,12.8334,123.2612,84.99,70,50,8.3,scattered clouds
514,Zhuji,CN,29.7188,120.2423,81.1,69,76,6.2,broken clouds
515,Pokaran,IN,26.9167,71.9167,89.2,51,66,12.82,broken clouds
516,Barcelos,PT,41.5388,-8.6151,72.84,85,91,2.3,overcast clouds
517,Vitorino Freire,BR,-4.0667,-45.1667,71.71,97,10,3.56,clear sky
518,Mildura,AU,-34.2,142.15,57.07,66,4,16.62,clear sky
519,Tabou,CI,4.423,-7.3528,75.79,77,0,5.08,clear sky
520,Dod Ballapur,IN,13.2919,77.5431,73.42,67,51,8.97,broken clouds
521,Green River,US,41.5286,-109.4662,50.99,65,79,18.43,broken clouds
522,Fukue,JP,32.6881,128.8419,71.96,94,100,14.41,moderate rain
523,Maningrida,AU,-12.0667,134.2667,84.13,50,89,9.57,overcast clouds
524,Notre-Dame-Du-Lac,CA,47.6136,-68.7964,55.87,99,69,3.0,broken clouds
525,Puerto Colombia,CO,10.9878,-74.9547,82.49,77,78,16.28,broken clouds
526,Kaoma,ZM,-14.7833,24.8,48.61,61,0,4.99,clear sky
527,Sines,PT,37.9562,-8.8698,65.28,91,81,1.01,broken clouds
528,Tapes,BR,-30.6733,-51.3958,54.16,90,26,2.33,scattered clouds
529,Omboue,GA,-1.5746,9.2618,73.58,91,93,4.81,overcast clouds
530,Kidal,ML,18.4411,1.4078,94.84,17,38,14.27,scattered clouds
531,De-Kastri,RU,51.4667,140.7833,65.01,65,100,10.18,overcast clouds
532,Tilichiki,RU,60.4667,166.1,60.03,45,97,7.25,overcast clouds
533,Torrington,US,41.8007,-73.1212,68.04,65,99,5.01,overcast clouds
534,Kamenka,RU,51.3223,42.7678,61.23,70,86,8.95,light rain
535,Avdiyivka,UA,48.1399,37.7426,66.9,52,9,2.91,clear sky
536,Port-Cartier,CA,50.0334,-66.8654,55.62,96,100,15.5,light rain
537,Qinhuangdao,CN,39.9317,119.5883,65.19,92,100,9.4,overcast clouds
538,Santa Barbara,US,34.7333,-120.0343,74.34,59,0,10.36,clear sky
539,Alcaniz,ES,41.05,-0.1333,74.93,50,99,3.71,overcast clouds
540,Rockland,US,41.1668,-74.0496,77.65,68,96,4.25,overcast clouds
541,Bataipora,BR,-22.2953,-53.2711,49.86,66,0,4.56,clear sky
542,Teahupoo,PF,-17.8333,-149.2667,78.53,74,38,19.15,scattered clouds
543,Atambua,ID,-9.1061,124.8925,82.6,60,98,2.06,overcast clouds
544,Santa Rita,BR,-7.1139,-34.9781,74.07,94,20,0.0,few clouds
545,Namatanai,PG,-3.6667,152.4333,84.72,64,24,7.87,light rain
546,Chastyye,RU,57.2888,54.9728,57.67,67,99,3.24,overcast clouds
547,Kupang,ID,-10.1667,123.5833,85.19,63,11,10.89,few clouds
548,Stokmarknes,NO,68.5646,14.9108,48.18,93,75,4.61,broken clouds
549,Coolum Beach,AU,-26.5333,153.1,72.34,72,72,1.01,broken clouds
550,Port Lavaca,US,28.615,-96.6261,84.97,84,40,13.8,scattered clouds
551,Dingle,PH,10.9995,122.6711,88.12,63,71,6.31,broken clouds
552,Baculin,PH,7.4525,126.5842,87.1,63,98,9.73,overcast clouds
553,Ardakan,IR,32.31,54.0175,88.14,12,0,1.83,clear sky
554,Matara,LK,5.9485,80.5353,82.08,79,100,10.83,overcast clouds
555,Saint Marys,US,30.7305,-81.5465,84.31,87,0,4.61,clear sky
556,Kutum,SD,14.2,24.6667,73.35,55,98,5.55,overcast clouds
557,Hadejia,NG,12.4498,10.0444,84.7,55,98,8.39,overcast clouds
558,Ulety,RU,51.3572,112.4849,74.07,37,100,3.87,overcast clouds
559,Sampit,ID,-2.5333,112.95,88.02,61,66,1.32,broken clouds
560,Pandan Niog,PH,6.2282,120.5631,83.1,69,100,5.01,overcast clouds
561,Namibe,AO,-15.1961,12.1522,65.48,60,0,6.46,clear sky
562,Bonavista,CA,48.6499,-53.1147,42.24,88,29,9.89,scattered clouds
563,Nanga Eboko,CM,4.6833,12.3667,67.21,100,100,1.5,light rain
564,Batemans Bay,AU,-35.7167,150.1833,56.1,45,76,4.59,broken clouds
565,Swan River,CA,52.1058,-101.2676,60.49,92,100,6.73,overcast clouds
566,Okato,NZ,-39.2,173.8833,58.91,100,67,21.45,light rain
567,Aktash,RU,50.3,87.7333,59.29,53,98,0.29,light rain
568,Ixtapa,MX,20.7,-105.2,81.63,83,100,8.05,overcast clouds
569,Soligalich,RU,59.0778,42.2864,59.11,95,99,1.9,overcast clouds
570,Brest,BY,52.1,23.7,48.83,95,20,10.96,few clouds
571,Katete,UG,-0.7818,29.7544,58.69,92,36,3.56,scattered clouds
572,Porto Novo,BJ,6.4965,2.6036,76.62,90,98,6.73,light rain
573,Umm Lajj,SA,25.0213,37.2685,82.4,50,1,8.41,clear sky
574,Noumea,NC,-22.2763,166.4572,78.78,99,100,10.74,overcast clouds
575,Den Helder,NL,52.9599,4.7593,57.18,81,100,3.44,overcast clouds
576,Wanaka,NZ,-44.7,169.15,41.68,76,37,13.35,scattered clouds
577,Talnakh,RU,69.4865,88.3972,67.12,44,89,0.96,overcast clouds
578,Bestobe,KZ,52.4994,73.0975,63.09,75,95,10.96,overcast clouds
579,Baykit,RU,61.67,96.37,71.17,49,90,6.53,overcast clouds
580,Nuuk,GL,64.1835,-51.7216,38.01,81,100,9.22,overcast clouds
581,Buraydah,SA,26.326,43.975,85.93,12,0,7.65,clear sky
582,Barreirinhas,BR,-2.7469,-42.8264,74.61,93,5,6.26,clear sky
583,Port Blair,IN,11.6667,92.75,84.24,84,40,6.91,scattered clouds
584,Vesyegonsk,RU,58.664,37.2604,55.18,89,74,2.1,broken clouds
585,Zemio,CF,5.0314,25.1361,66.97,98,100,2.17,overcast clouds
586,Okha,RU,53.5739,142.9478,60.78,65,99,14.45,overcast clouds
587,Leshukonskoye,RU,64.8989,45.7622,58.55,79,8,4.65,clear sky
588,Huadian,CN,42.9633,126.7478,69.24,62,99,6.15,overcast clouds
589,Takoradi,GH,4.8845,-1.7554,76.89,82,66,6.42,broken clouds
590,Northam,GB,51.0333,-4.2167,48.61,92,0,2.15,clear sky
591,Mirnyy,RU,62.5353,113.9611,73.24,25,2,8.99,clear sky
592,Taltal,CL,-25.4,-70.4833,55.02,86,56,1.52,broken clouds
593,Maceio,BR,-9.6658,-35.7353,72.84,88,20,4.61,few clouds
594,Talcahuano,CL,-36.7167,-73.1167,47.88,100,100,8.05,light intensity drizzle
595,Changping,CN,40.2186,116.2197,76.64,44,72,1.88,broken clouds
596,Jodhpur,IN,26.2867,73.03,85.51,61,100,11.43,light rain
597,Aransas Pass,US,27.9095,-97.15,84.24,91,40,18.41,scattered clouds
598,Tezu,IN,27.9167,96.1667,74.57,98,100,2.44,overcast clouds
599,Tuatapere,NZ,-46.1333,167.6833,43.32,74,88,22.39,overcast clouds
600,Yenagoa,NG,4.9247,6.2642,74.86,96,100,3.91,overcast clouds
601,Jacareacanga,BR,-6.2222,-57.7528,71.37,99,100,0.56,overcast clouds
602,Saint-Francois,FR,46.4154,3.9054,50.68,93,0,1.14,clear sky
603,Rochegda,RU,62.8,43.25,58.51,77,99,4.27,overcast clouds
604,Alekseyevsk,RU,57.8406,108.3492,75.0,49,70,5.28,broken clouds
605,Morgan City,US,29.6994,-91.2068,82.02,100,0,4.61,clear sky
606,San Carlos,VE,9.6612,-68.5827,71.46,97,98,1.28,light rain
607,Tabuk,PH,17.4189,121.4443,87.39,67,88,5.21,overcast clouds
608,Lethem,GY,3.3803,-59.7968,73.45,92,99,1.21,overcast clouds
609,Baran,IN,25.1,76.5167,91.54,46,94,12.48,overcast clouds
610,Yashan,CN,22.1975,109.9419,78.13,92,100,2.71,overcast clouds
611,Suksun,RU,57.1431,57.3949,55.65,75,53,6.26,broken clouds
612,Kano,NG,12.0001,8.5167,81.05,61,94,10.36,overcast clouds
613,Hokitika,NZ,-42.7167,170.9667,51.93,74,89,27.07,overcast clouds
614,Orapa,BW,-21.2833,25.3667,51.53,57,0,7.34,clear sky
615,Hanyang,CN,32.1371,105.5126,79.07,55,54,3.36,broken clouds
616,Charters Towers,AU,-20.1,146.2667,71.02,40,1,11.23,clear sky
617,Copiapo,CL,-27.3667,-70.3333,49.69,82,93,1.54,overcast clouds
618,Khargapur,IN,24.823,79.144,94.8,39,55,12.17,broken clouds
619,Vanimo,PG,-2.6741,141.3028,86.85,61,90,7.78,overcast clouds
620,Orangeville,CA,43.9168,-80.0997,63.3,91,93,3.44,overcast clouds
621,Coronado,US,32.6859,-117.1831,68.97,86,75,8.05,broken clouds
622,Malpura,IN,26.2833,75.3833,86.97,51,100,7.45,overcast clouds
623,Chernyshevskiy,RU,63.0128,112.4714,73.89,23,30,7.07,scattered clouds
624,Petrinja,HR,45.4375,16.29,64.13,95,100,3.94,overcast clouds
625,Khakhea,BW,-24.6895,23.494,54.21,49,26,12.53,scattered clouds
626,Saint Andrews,US,34.0454,-81.1293,89.19,68,40,0.0,scattered clouds
627,Nizhniy Bestyakh,RU,61.9594,129.9086,70.48,43,40,11.18,scattered clouds
628,Elizabeth City,US,36.2946,-76.2511,82.42,91,0,4.61,clear sky
629,Moose Factory,CA,51.2585,-80.6094,48.72,82,2,4.36,clear sky
630,Kenai,US,60.5544,-151.2583,59.02,69,100,14.97,overcast clouds
631,Praia Da Vitoria,PT,38.7333,-27.0667,59.76,88,67,5.48,broken clouds
632,Manjacaze,MZ,-24.7117,33.8828,60.55,95,1,7.25,clear sky
633,Quanzhou,CN,24.9139,118.5858,78.22,92,100,5.55,light rain
634,Banda Aceh,ID,5.5577,95.3222,85.06,66,75,7.76,broken clouds
635,Mareeba,AU,-17.0,145.4333,77.43,60,4,4.68,clear sky
636,Betare Oya,CM,5.6,14.0833,65.75,98,100,1.57,overcast clouds
637,Polazna,RU,58.2946,56.4055,58.37,61,100,3.33,overcast clouds
638,Zhangjiakou,CN,40.81,114.8794,72.18,38,44,8.48,scattered clouds
639,Mitsamiouli,KM,-11.3847,43.2844,76.51,70,6,4.68,clear sky
640,Port Macquarie,AU,-31.4333,152.9167,67.89,58,0,6.26,clear sky
641,Albacete,ES,38.8333,-2.0,79.18,23,0,5.75,clear sky
642,Biak,ID,-0.9131,122.8766,81.93,72,89,3.15,overcast clouds
643,Storforshei,NO,66.4043,14.5233,48.65,93,100,3.44,light rain
644,Rivera,UY,-30.9053,-55.5508,46.42,96,0,7.43,clear sky
645,Labuhan,ID,-6.8844,112.2051,83.64,71,97,4.68,light rain
646,Kuito,AO,-12.3833,16.9333,50.18,53,1,4.09,clear sky
647,Rundu,NA,-17.9333,19.7667,49.39,64,0,3.91,clear sky
648,Inuvik,CA,68.3499,-133.7218,52.25,57,99,12.8,overcast clouds
649,Windhoek,NA,-22.5594,17.0832,45.1,55,0,7.31,clear sky
650,Manakara,MG,-22.1333,48.0167,64.45,92,100,3.94,light rain
651,Senekal,ZA,-28.3197,27.6208,44.56,60,100,6.08,overcast clouds
652,Nelson Bay,AU,-32.7167,152.15,63.1,62,5,1.99,clear sky
653,Pangnirtung,CA,66.1451,-65.7125,24.76,91,17,5.23,few clouds
654,Jibuti,DJ,11.5,42.5,86.56,36,100,3.74,overcast clouds
655,Karratha,AU,-20.7377,116.8463,80.53,33,38,13.65,scattered clouds
656,Bentiu,SS,9.2333,29.8333,77.92,67,99,2.64,overcast clouds
657,Aplahoue,BJ,6.9333,1.6833,73.42,95,100,5.17,overcast clouds
658,Fujieda,JP,34.8667,138.2667,67.86,84,100,13.91,light rain
659,Puerto Morazan,NI,12.8504,-87.1717,74.48,94,100,6.44,moderate rain
660,Aketi,CD,2.7388,23.7833,67.87,99,99,1.34,overcast clouds
661,Havelock,US,34.8791,-76.9013,80.94,93,67,5.01,broken clouds
662,Marzuq,YE,14.4,46.4667,80.31,30,100,3.56,overcast clouds
663,Yukamenskoye,RU,57.8865,52.2416,56.95,72,56,4.9,broken clouds
664,Chengde,CN,40.9725,117.9361,72.45,62,34,1.86,scattered clouds
665,Mzimba,MW,-11.9,33.6,51.69,89,5,5.75,clear sky
666,Vostok,RU,46.4856,135.8833,75.63,40,3,3.04,clear sky
667,Ternate,ID,0.8,127.4,85.5,63,86,1.57,overcast clouds
668,Ambunti,PG,-4.2365,142.8448,90.41,52,62,4.18,broken clouds
669,Nara,JP,34.6851,135.8049,67.91,84,100,15.66,light rain
670,Port Hardy,CA,50.6996,-127.4199,51.93,87,75,7.2,light rain
671,Machakos,KE,-1.5167,37.2667,52.9,96,36,1.21,scattered clouds
672,Fort-Shevchenko,KZ,44.5086,50.263,75.11,40,27,24.7,scattered clouds
673,Yokadouma,CM,3.5167,15.05,67.23,99,100,0.67,overcast clouds
674,Batagay,RU,67.6333,134.6333,64.63,42,100,7.94,overcast clouds
675,Rock Springs,US,41.5875,-109.2029,50.05,76,40,5.75,scattered clouds
676,Waukesha,US,43.0333,-88.3001,70.3,92,75,12.66,broken clouds
677,Volchikha,RU,52.0333,80.3833,80.02,46,53,9.89,broken clouds
678,Uhlove,UA,44.8215,33.6045,66.02,72,5,8.01,clear sky
679,Golpayegan,IR,33.4537,50.2884,71.74,21,0,5.32,clear sky
680,Vao,NC,-22.6667,167.4833,71.31,78,100,15.84,overcast clouds
681,Onguday,RU,50.75,86.15,70.18,65,100,0.74,overcast clouds
682,Limon,CR,10.0,-83.0333,77.54,85,76,8.77,broken clouds
683,Grand-Santi,GF,4.25,-54.3833,72.36,99,100,2.93,light rain
684,Powell,US,40.1578,-83.0752,75.54,84,0,0.0,clear sky
685,Orlik,RU,52.5178,99.825,67.98,55,100,1.61,light rain
686,Albina,SR,5.5,-54.05,72.0,98,92,0.58,overcast clouds
687,Abinsk,RU,44.8726,38.1611,63.5,75,59,2.8,broken clouds
688,Shenkursk,RU,62.1091,42.896,59.47,79,95,5.35,overcast clouds
689,Flinders,AU,-34.5833,150.8552,63.18,59,57,3.0,broken clouds
